{"cameraMode":{"drawMode":0,"name":"Shaded","section":"Shading Mode"},"sceneLighting":true,"audioPlay":false,"sceneViewState":{"m_AlwaysRefresh":false,"showFog":true,"showSkybox":true,"showFlares":true,"showImageEffects":true,"showParticleSystems":true,"showVisualEffectGraphs":true,"m_FxEnabled":true},"in2DMode":false,"pivot":{"x":-0.9812512397766113,"y":0.07728958129882813,"z":-1.8148670196533204},"rotation":{"x":0.49630114436149599,"y":-0.0023042403627187015,"z":0.0013840073952451349,"w":0.8681952953338623},"size":8.970854759216309,"orthographic":false}